<?xml version="1.0" encoding="UTF-8"?>
<window type="dialog" id="1199"><!--        Player.Playing        !Player.Caching          VideoPlayer.IsFullscreen     !Player.Seeking         -->
	<visible>Skin.HasSetting(ExperimentalVolumeAmplificationUseAutomaticPresetSwitching) +      Player.Playing +    Player.HasMedia + !StringCompare(Player.Filename,Window(home).Property(DRCid)) + [[Player.HasVideo + VideoPlayer.IsFullscreen] | [!Player.HasVideo + Player.HasAudio]]</visible>
	<!--<onload>Notification(HasMedia,$INFO[Window(home).Property(DRCid)])</onload>-->
	
	<!--
	<include condition="!StringCompare(Player.Filename,Window(home).Property(DRCid)) + !StringCompare(Window(home).Property(DRC),False) + !IsEmpty(Window(home).Property(DRC)) +         ![   [!Player.IsInternetStream + VideoPlayer.Content(Movies) + !VideoPlayer.Content(Episodes) + !VideoPlayer.Content(LiveTV) + !VideoPlayer.Content(MusicVideos)] | [Player.IsInternetStream + IsEmpty(VideoPlayer.TVShowTitle)]   ]">VolumeAmplification_Preset_DRC_OnLoad_OFF</include>
	<include condition="!StringCompare(Player.Filename,Window(home).Property(DRCid)) + !StringCompare(Window(home).Property(DRC),True) +             [   [!Player.IsInternetStream + VideoPlayer.Content(Movies) + !VideoPlayer.Content(Episodes) + !VideoPlayer.Content(LiveTV) + !VideoPlayer.Content(MusicVideos)] | [Player.IsInternetStream + IsEmpty(VideoPlayer.TVShowTitle)]   ]">VolumeAmplification_Preset_DRC_OnLoad_ON</include>
	-->
	<!--
	<include condition="!StringCompare(Player.Filename,Window(home).Property(DRCid)) +         ![   [!Player.IsInternetStream + VideoPlayer.Content(Movies) + !VideoPlayer.Content(Episodes) + !VideoPlayer.Content(LiveTV) + !VideoPlayer.Content(MusicVideos)] | [Player.IsInternetStream + IsEmpty(VideoPlayer.TVShowTitle) + !VideoPlayer.Content(Episodes)]   ]">VolumeAmplification_Preset_DRC_OnLoad_OFF</include>
	<include condition="!StringCompare(Player.Filename,Window(home).Property(DRCid)) +          [   [!Player.IsInternetStream + VideoPlayer.Content(Movies) + !VideoPlayer.Content(Episodes) + !VideoPlayer.Content(LiveTV) + !VideoPlayer.Content(MusicVideos)] | [Player.IsInternetStream + IsEmpty(VideoPlayer.TVShowTitle) + !VideoPlayer.Content(Episodes)]   ]">VolumeAmplification_Preset_DRC_OnLoad_ON</include>
	-->
	<!--
	<include condition="!Player.ChannelPreviewActive +   !StringCompare(Player.Filename,Window(home).Property(DRCid)) +         ![   [!Player.IsInternetStream + VideoPlayer.Content(Movies) + !VideoPlayer.Content(Episodes) + !VideoPlayer.Content(LiveTV) + !VideoPlayer.Content(MusicVideos)]   ]">VolumeAmplification_Preset_DRC_OnLoad_OFF</include>
	<include condition="!Player.ChannelPreviewActive +   !StringCompare(Player.Filename,Window(home).Property(DRCid)) +          [   [!Player.IsInternetStream + VideoPlayer.Content(Movies) + !VideoPlayer.Content(Episodes) + !VideoPlayer.Content(LiveTV) + !VideoPlayer.Content(MusicVideos)]   ]">VolumeAmplification_Preset_DRC_OnLoad_ON</include>
	-->
	<include condition="!Player.Passthrough + !StringCompare(Player.Filename,Window(home).Property(DRCid)) + [[!SubString(Window(home).Property(DRCid),pvr.,left) + !SubString(Window(home).Property(DRCid),.pvr,right)] | [!SubString(Player.Filename,pvr.,left) + !SubString(Player.Filename,.pvr,right)]] +        ![!Player.IsInternetStream + VideoPlayer.Content(Movies)]">VolumeAmplification_Preset_DRC_OnLoad_OFF</include>
	<include condition="!Player.Passthrough + !StringCompare(Player.Filename,Window(home).Property(DRCid)) + [[!SubString(Window(home).Property(DRCid),pvr.,left) + !SubString(Window(home).Property(DRCid),.pvr,right)] | [!SubString(Player.Filename,pvr.,left) + !SubString(Player.Filename,.pvr,right)]] +         [!Player.IsInternetStream + VideoPlayer.Content(Movies)]">VolumeAmplification_Preset_DRC_OnLoad_ON</include>
	
	<!--
	<onload condition="!StringCompare(Player.Filename,Window(home).Property(DRCid)) + VideoPlayer.Content(LiveTV) + [SubString(Window(home).Property(DRCid),pvr.,left) | SubString(Window(home).Property(DRCid),.pvr,right)]">SetVolume(100,false)</onload>
	-->
	
	<onload condition="!Player.Passthrough">SetProperty(DRCid,$INFO[Player.Filename],home)</onload>
	
	<onload condition="Player.Passthrough">Notification(Can't use VolumeAmplification-DRC,DISABLE audio passthrough first,5000,DefaultIconError.png)</onload>
	
	
	<controls>
	</controls>
</window>
