<?xml version="1.0" encoding="UTF-8"?>
<window>
	<defaultcontrol always="true">9000</defaultcontrol>
	<controls>
		<include>CommonBackground</include>
		<include name="CommonWindowHeader">
			<param name="Icon" value="icon_system" />
			<param name="Label" value="$LOCALIZE[20077]" />
		</include>
		<control type="group">
			<left>90</left>
			<top>30</top>
			<animation type="WindowOpen" reversible="false">
				<effect type="zoom" start="80" end="100" center="640,360" easing="out" tween="back" time="225" />
				<effect type="fade" start="0" end="100" time="225" />
			</animation>
			<animation type="WindowClose" reversible="false">
				<effect type="zoom" start="100" end="80" center="640,360" easing="in" tween="back" time="225" />
				<effect type="fade" start="100" end="0" time="225" />
			</animation>
			<control type="image">
				<left>5</left>
				<top>5</top>
				<width>1090</width>
				<height>630</height>
				<texture border="15">ContentPanel.png</texture>
			</control>
			<control type="image">
				<left>5</left>
				<top>625</top>
				<width>1090</width>
				<height>64</height>
				<texture border="15">ContentPanelMirror.png</texture>
			</control>
			<control type="image">
				<description>LOGO</description>
				<left>30</left>
				<top>15</top>
				<width>220</width>
				<height>80</height>
				<aspectratio>keep</aspectratio>
				<texture>KAOSbox_Logo.png</texture>
			</control>
			<control type="list" id="9000">
				<left>10</left>
				<top>90</top>
				<width>258</width>
				<height>481</height>
				<onleft>9010</onleft>
				<onright>9010</onright>
				<onup>9000</onup>
				<ondown>9000</ondown>
				<pagecontrol>-</pagecontrol>
				<scrolltime>300</scrolltime>
				<itemlayout height="80" width="260">
					<control type="image">
						<left>0</left>
						<top>0</top>
						<width>260</width>
						<height>81</height>
						<texture border="5">MenuItemNF.png</texture>
					</control>
					<control type="label">
						<left>10</left>
						<top>15</top>
						<width>240</width>
						<height>25</height>
						<font>font24_title</font>
						<textcolor>grey2+</textcolor>
						<shadowcolor>black</shadowcolor>
						<align>right</align>
						<aligny>center</aligny>
						<label>$INFO[ListItem.Label]</label>
					</control>
					<control type="label">
						<left>10</left>
						<top>42</top>
						<width>240</width>
						<height>25</height>
						<font>font13</font>
						<textcolor>grey2+</textcolor>
						<shadowcolor>black</shadowcolor>
						<align>right</align>
						<aligny>center</aligny>
						<label>$INFO[ListItem.Label2]</label>
					</control>
				</itemlayout>
				<focusedlayout height="80" width="260">
					<control type="image">
						<left>0</left>
						<top>0</top>
						<width>260</width>
						<height>81</height>
						<texture border="5">MenuItemFO.png</texture>
						<animation effect="fade" start="100" end="30" time="75" condition="!Control.HasFocus(9000)">Conditional</animation>
					</control>
					<control type="label">
						<left>10</left>
						<top>15</top>
						<width>240</width>
						<height>25</height>
						<font>font24_title</font>
						<textcolor>white</textcolor>
						<shadowcolor>black</shadowcolor>
						<align>right</align>
						<aligny>center</aligny>
						<label>$INFO[ListItem.Label]</label>
					</control>
					<control type="label">
						<left>10</left>
						<top>42</top>
						<width>240</width>
						<height>25</height>
						<font>font13</font>
						<textcolor>white</textcolor>
						<shadowcolor>black</shadowcolor>
						<align>right</align>
						<aligny>center</aligny>
						<label>$INFO[ListItem.Label2]</label>
					</control>
				</focusedlayout>
				<content>
					<item id="1">
						<label>128</label>
						<label2>5</label2>
						<onclick>noop</onclick>
					</item>
					<item id="2">
						<label>Main menu</label>
						<label2>31112</label2>
						<onclick>noop</onclick>
					</item>
					<item id="3">
						<label>Main menu $LOCALIZE[24000]</label>
						<label2>31200</label2>
						<onclick>noop</onclick>
					</item>
					<item id="4">
						<label>31102</label>
						<label2>31112</label2>
						<onclick>noop</onclick>
					</item>
                                        <item id="5">
						<label>50001</label>
						<label2>50002</label2>
						<onclick>-</onclick>
						<visible>!Skin.HasSetting(HideSeparateBackdrops)</visible>
					</item>	
				</content>
			</control>
			<control type="image">
				<left>268</left>
				<top>10</top>
				<width>790</width>
				<height>618</height>
				<texture border="5">black-back2.png</texture>
			</control>
			<control type="image">
				<left>268</left>
				<top>10</top>
				<width>790</width>
				<height>52</height>
				<texture>dialogheader.png</texture>
			</control>
			<control type="label">
				<description>header label</description>
				<left>300</left>
				<top>20</top>
				<width>726</width>
				<height>30</height>
				<font>font16</font>
				<label>$LOCALIZE[20077] - $INFO[Container(9000).ListItem.Label]$INFO[Container(9000).ListItem.Label2, ,]</label>
				<align>center</align>
				<aligny>center</aligny>
				<textcolor>white</textcolor>
				<shadowcolor>black</shadowcolor>
			</control>
				
			<control type="group" id="9010">
				<control type="grouplist" id="9001">
					<visible>Container(9000).Hasfocus(1)</visible>
					<left>290</left>
					<top>60</top>
					<width>750</width>
					<height>560</height>
					<itemgap>-1</itemgap>
					<pagecontrol>60</pagecontrol>
					<onleft>9000</onleft>
					<onright>60</onright>
					<onup>9001</onup>
					<ondown>9001</ondown>
					
					<control type="label" id="100">
						<width>750</width>
						<height>45</height>
						<font>font13_title</font>
						<label>31106</label>
						<textcolor>blue</textcolor>
						<shadowcolor>black</shadowcolor>
						<align>left</align>
						<aligny>center</aligny>
					</control>
					
					<control type="radiobutton" id="101">
						<width>750</width>
						<height>40</height>
						<font>font13</font>
						<label>20189</label>
						<textcolor>grey2</textcolor>
						<focusedcolor>white</focusedcolor>
						<texturefocus>MenuItemFO.png</texturefocus>
						<texturenofocus>MenuItemNF.png</texturenofocus>
						<onclick>Skin.ToggleSetting(AutoScroll)</onclick>
						<selected>Skin.HasSetting(AutoScroll)</selected>
					</control>
					
					<control type="label" id="200">
						<width>750</width>
						<height>45</height>
						<font>font13_title</font>
						<label>31101</label>
						<textcolor>blue</textcolor>
						<shadowcolor>black</shadowcolor>
						<align>left</align>
						<aligny>center</aligny>
					</control>
					
					<control type="radiobutton" id="204">
						<description>enable weather info</description>
						<width>750</width>
						<height>40</height>
						<font>font13</font>
						<textcolor>grey2</textcolor>
						<focusedcolor>white</focusedcolor>
						<label>20084</label>
						<onclick>Skin.ToggleSetting(HomepageWeatherinfo)</onclick>
						<selected>Skin.HasSetting(HomepageWeatherinfo)</selected>
						<texturefocus>MenuItemFO.png</texturefocus>
						<texturenofocus>MenuItemNF.png</texturenofocus>
						<enable>!IsEmpty(Weather.Plugin)</enable>
					</control>
					<control type="radiobutton" id="205">
						<description>Toon zoekfunctie op beginscherm</description>
						<width>750</width>
						<height>40</height>
						<font>font13</font>
						<textcolor>grey2</textcolor>
						<focusedcolor>white</focusedcolor>
						<label>31117</label>
						<onclick>Skin.ToggleSetting(HomepageHideRecentlyAddedVideo)</onclick>
						<selected>!Skin.HasSetting(HomepageHideRecentlyAddedVideo)</selected>
						<texturefocus>MenuItemFO.png</texturefocus>
						<texturenofocus>MenuItemNF.png</texturenofocus>
					</control>
					<control type="radiobutton" id="206">
						<description>Show Recently added info</description>
						<width>750</width>
						<height>40</height>
						<font>font13</font>
						<textcolor>grey2</textcolor>
						<focusedcolor>white</focusedcolor>
						<label>31116</label>
						<onclick>Skin.ToggleSetting(HomepageHideRecentlyAddedAlbums)</onclick>
						<selected>!Skin.HasSetting(HomepageHideRecentlyAddedAlbums)</selected>
						<texturefocus>MenuItemFO.png</texturefocus>
						<texturenofocus>MenuItemNF.png</texturenofocus>
					</control>
					<control type="radiobutton" id="207">
						<description>Toon zoekfunctie op home screen</description>
						<width>750</width>
						<height>40</height>
						<font>font13</font>
						<textcolor>grey2</textcolor>
						<focusedcolor>white</focusedcolor>
						<label>Toon zoekfunctie op home screen</label>
						<onclick>Skin.ToggleSetting(HomepageHideSearchButton)</onclick>
						<selected>!Skin.HasSetting(HomepageHideSearchButton)</selected>
						<texturefocus>MenuItemFO.png</texturefocus>
						<texturenofocus>MenuItemNF.png</texturenofocus>
					</control>
					
					<control type="label" id="190">
						<width>750</width>
						<height>45</height>
						<font>font13_title</font>
						<label>Layout en visuele opties</label>
						<textcolor>blue</textcolor>
						<shadowcolor>black</shadowcolor>
						<align>left</align>
						<aligny>center</aligny>
					</control>
					
					<control type="radiobutton" id="192">
						<width>750</width>
						<height>40</height>
						<font>font13</font>
						<label>Verberg weergavetypes ([COLOR=firebrick]Aan[/COLOR] = Toon alleen Lijst + Muur layout)</label>
						<textcolor>grey2</textcolor>
						<focusedcolor>white</focusedcolor>
						<texturefocus>MenuItemFO.png</texturefocus>
						<texturenofocus>MenuItemNF.png</texturenofocus>
						<onclick>Skin.ToggleSetting(ViewTypesSimplicity)</onclick>
						<selected>Skin.HasSetting(ViewTypesSimplicity)</selected>
					</control>
					<control type="radiobutton" id="193">
						<width>750</width>
						<height>40</height>
						<font>font13</font>
						<label>Switch Muur layout ([COLOR=firebrick]Aan[/COLOR] = Muur layout met meer items vervalt)</label>
						<textcolor>grey2</textcolor>
						<focusedcolor>white</focusedcolor>
						<texturefocus>MenuItemFO.png</texturefocus>
						<texturenofocus>MenuItemNF.png</texturenofocus>
						<onclick>Skin.ToggleSetting(ViewModeSwitchWallViews)</onclick>
						<selected>Skin.HasSetting(ViewModeSwitchWallViews)</selected>
					</control>
					<control type="radiobutton" id="194">
						<width>750</width>
						<height>40</height>
						<font>font13</font>
						<label>Toon favorieten button in hoofdmenu (Werkt alleen als daar plaats voor is!)</label>
						<textcolor>grey2</textcolor>
						<focusedcolor>white</focusedcolor>
						<texturefocus>MenuItemFO.png</texturefocus>
						<texturenofocus>MenuItemNF.png</texturenofocus>
						<onclick>Skin.ToggleSetting(HomeMenuHasFavoritesButton)</onclick>
						<selected>Skin.HasSetting(HomeMenuHasFavoritesButton)</selected>
					</control>
					<control type="radiobutton" id="195">
						<width>750</width>
						<height>40</height>
						<font>font13</font>
						<label>- Toon favorieten knop als eerste item</label>
						<textcolor>grey2</textcolor>
						<focusedcolor>white</focusedcolor>
						<texturefocus>MenuItemFO.png</texturefocus>
						<texturenofocus>MenuItemNF.png</texturenofocus>
						<onclick>Skin.ToggleSetting(HomeMenuHasFavoritesButtonStartWith)</onclick>
						<selected>Skin.HasSetting(HomeMenuHasFavoritesButtonStartWith)</selected>
						<enable>Skin.HasSetting(HomeMenuHasFavoritesButton)</enable>
					</control>
			
					
					<control type="label" id="453">
						<width>750</width>
						<height>45</height>
						<font>font13_title</font>
						<label>31140</label>
						<textcolor>blue</textcolor>
						<shadowcolor>black</shadowcolor>
						<align>left</align>
						<aligny>center</aligny>
					</control>
					
					<control type="button" id="455">
						<width>750</width>
						<height>40</height>
						<font>font13</font>
						<label>$LOCALIZE[31132]</label>
						<label2>[COLOR=selected]$INFO[system.addontitle(Skin.String(LyricScript_Path))][/COLOR]</label2>
						<textcolor>grey2</textcolor>
						<focusedcolor>white</focusedcolor>
						<texturefocus>MenuItemFO.png</texturefocus>
						<texturenofocus>MenuItemNF.png</texturenofocus>
						<onclick>Skin.SetAddon(LyricScript_Path,xbmc.python.lyrics)</onclick>
					</control>
					<control type="button" id="456">
						<width>750</width>
						<height>40</height>
						<font>font13</font>
						<label>- $LOCALIZE[24020]</label>
						<textcolor>grey2</textcolor>
						<focusedcolor>white</focusedcolor>
						<texturefocus>MenuItemFO.png</texturefocus>
						<texturenofocus>MenuItemNF.png</texturenofocus>
						<enable>!IsEmpty(Skin.String(LyricScript_Path))</enable>
						<onclick>Addon.OpenSettings($INFO[Skin.String(LyricScript_Path)])</onclick>
					</control>
					
					
					
					<control type="label" id="500">
						<width>750</width>
						<height>45</height>
						<font>font13_title</font>
						<label>[COLOR=red]![/COLOR] EXPERIMENTAL (use at your own RISK)</label>
						<textcolor>blue</textcolor>
						<shadowcolor>black</shadowcolor>
						<align>left</align>
						<aligny>center</aligny>
					</control>
					
					<control type="label" id="501">
						<width>750</width>
						<height>45</height>
						<font>font13</font>
						<label>[COLOR=firebrick]Note: Audio Passthrough has to be DISABLED before using this![/COLOR]</label>
						<textcolor>blue</textcolor>
						<shadowcolor>black</shadowcolor>
						<align>left</align>
						<aligny>center</aligny>
					</control>
					
					<control type="radiobutton" id="505">
						<width>750</width>
						<height>40</height>
						<font>font13</font>
						<label>Enable VolumeAmplification-DRC automatically (ONLY for movies in library)</label>
						<textcolor>grey2</textcolor>
						<focusedcolor>white</focusedcolor>
						<texturefocus>MenuItemFO.png</texturefocus>
						<texturenofocus>MenuItemNF.png</texturenofocus>
						<onclick>Skin.ToggleSetting(ExperimentalVolumeAmplificationUseAutomaticPresetSwitching)</onclick>
						<selected>Skin.HasSetting(ExperimentalVolumeAmplificationUseAutomaticPresetSwitching)</selected>
					</control>
					<control type="radiobutton" id="506">
						<width>750</width>
						<height>40</height>
						<font>font13</font>
						<label>Show VolumeAmplification-DRC toggle-button in VideoOSD (except LiveTV)</label>
						<textcolor>grey2</textcolor>
						<focusedcolor>white</focusedcolor>
						<texturefocus>MenuItemFO.png</texturefocus>
						<texturenofocus>MenuItemNF.png</texturenofocus>
						<onclick>Skin.ToggleSetting(ExperimentalVolumeAmplificationShowToggleButton)</onclick>
						<selected>Skin.HasSetting(ExperimentalVolumeAmplificationShowToggleButton)</selected>
						<enable>Skin.HasSetting(ExperimentalVolumeAmplificationUseAutomaticPresetSwitching)</enable>
					</control>
					
					
					
				</control>
				<control type="scrollbar" id="60">
					<left>1060</left>
					<top>60</top>
					<width>25</width>
					<height>570</height>
					<texturesliderbackground border="0,14,0,14">ScrollBarV.png</texturesliderbackground>
					<texturesliderbar border="0,14,0,14">ScrollBarV_bar.png</texturesliderbar>
					<texturesliderbarfocus border="0,14,0,14">ScrollBarV_bar_focus.png</texturesliderbarfocus>
					<textureslidernib>ScrollBarNib.png</textureslidernib>
					<textureslidernibfocus>ScrollBarNib.png</textureslidernibfocus>
					<onleft>9001</onleft>
					<onright>9000</onright>
					<showonepage>false</showonepage>
					<orientation>vertical</orientation>
					<visible>Container(9000).Hasfocus(1)</visible>
				</control>
				
				
				
				
				
				
				<control type="grouplist" id="9002">
					<visible>Container(9000).Hasfocus(2)</visible>
					<left>290</left>
					<top>60</top>
					<width>750</width>
					<height>560</height>
					<itemgap>-1</itemgap>
					<pagecontrol>61</pagecontrol>
					<onleft>9000</onleft>
					<onright>61</onright>
					<onup>9002</onup>
					<ondown>9002</ondown>
					
					<control type="label" id="220">
						<width>750</width>
						<height>45</height>
						<font>font13_title</font>
						<label>Main menu items</label>
						<textcolor>blue</textcolor>
						<shadowcolor>black</shadowcolor>
						<align>left</align>
						<aligny>center</aligny>
					</control>
					
			
					<control type="radiobutton" id="221">
						<description>Media Button</description>
						<width>750</width>
						<height>40</height>
						<font>font13</font>
						<textcolor>grey2</textcolor>
						<focusedcolor>white</focusedcolor>
						<label>[UPPERCASE]MEDIA[/UPPERCASE]</label>
						<onclick>Skin.ToggleSetting(HomeMenuNoVideosButton)</onclick>
						<selected>!Skin.HasSetting(HomeMenuNoVideosButton)</selected>
						<texturefocus>MenuItemFO.png</texturefocus>
						<texturenofocus>MenuItemNF.png</texturenofocus>
					</control>
				
					<control type="radiobutton" id="224">
						<description>Music Button</description>
						<width>750</width>
						<height>40</height>
						<font>font13</font>
						<textcolor>grey2</textcolor>
						<focusedcolor>white</focusedcolor>
						<label>[UPPERCASE]$LOCALIZE[2][/UPPERCASE]</label>
						<onclick>Skin.ToggleSetting(HomeMenuNoMusicButton)</onclick>
						<selected>!Skin.HasSetting(HomeMenuNoMusicButton)</selected>
						<texturefocus>MenuItemFO.png</texturefocus>
						<texturenofocus>MenuItemNF.png</texturenofocus>
					</control>


					<control type="radiobutton" id="222">
						<description>Movies Button</description>
						<width>750</width>
						<height>40</height>
						<font>font13</font>
						<textcolor>grey2</textcolor>
						<focusedcolor>white</focusedcolor>
						<label>[UPPERCASE]$LOCALIZE[20342][/UPPERCASE] [COLOR=grey3] ($LOCALIZE[20314])[/COLOR]</label>
						<onclick>Skin.ToggleSetting(HomeMenuNoMovieButton)</onclick>
						<selected>!Skin.HasSetting(HomeMenuNoMovieButton)</selected>
						<texturefocus>MenuItemFO.png</texturefocus>
						<texturenofocus>MenuItemNF.png</texturenofocus>
						<enable>Library.HasContent(Movies)</enable>
					</control>
					<control type="radiobutton" id="223">
						<description>TV Shows Button</description>
						<width>750</width>
						<height>40</height>
						<font>font13</font>
						<textcolor>grey2</textcolor>
						<focusedcolor>white</focusedcolor>
						<label>[UPPERCASE]$LOCALIZE[20343][/UPPERCASE] [COLOR=grey3] ($LOCALIZE[20314])[/COLOR]</label>
						<onclick>Skin.ToggleSetting(HomeMenuNoTVShowButton)</onclick>
						<selected>!Skin.HasSetting(HomeMenuNoTVShowButton)</selected>
						<texturefocus>MenuItemFO.png</texturefocus>
						<texturenofocus>MenuItemNF.png</texturenofocus>
						<enable>Library.HasContent(TVShows)</enable>
					</control>

					<control type="radiobutton" id="2212">
						<description>PVR TV Button</description>
						<width>750</width>
						<height>40</height>
						<font>font13</font>
						<textcolor>grey2</textcolor>
						<focusedcolor>white</focusedcolor>
						<label>[UPPERCASE]$LOCALIZE[19020][/UPPERCASE]</label>
						<onclick>Skin.ToggleSetting(HomeMenuNoPVRTVButton)</onclick>
						<selected>!Skin.HasSetting(HomeMenuNoPVRTVButton)</selected>
						<texturefocus>MenuItemFO.png</texturefocus>
						<texturenofocus>MenuItemNF.png</texturenofocus>
					</control>
					<control type="radiobutton" id="2211">
						<description>PVR Radio Button</description>
						<width>750</width>
						<height>40</height>
						<font>font13</font>
						<textcolor>grey2</textcolor>
						<focusedcolor>white</focusedcolor>
						<label>[UPPERCASE]$LOCALIZE[19021][/UPPERCASE]</label>
						<onclick>Skin.ToggleSetting(HomeMenuNoPVRRadioButton)</onclick>
						<selected>!Skin.HasSetting(HomeMenuNoPVRRadioButton)</selected>
						<texturefocus>MenuItemFO.png</texturefocus>
						<texturenofocus>MenuItemNF.png</texturenofocus>
					</control>
					<control type="radiobutton" id="225">
						<description>Pictures Button</description>
						<width>750</width>
						<height>40</height>
						<font>font13</font>
						<textcolor>grey2</textcolor>
						<focusedcolor>white</focusedcolor>
						<label>[UPPERCASE]$LOCALIZE[1][/UPPERCASE]</label>
						<onclick>Skin.ToggleSetting(HomeMenuNoPicturesButton)</onclick>
						<selected>Skin.HasSetting(HomeMenuNoPicturesButton)</selected>
						<texturefocus>MenuItemFO.png</texturefocus>
						<texturenofocus>MenuItemNF.png</texturenofocus>
					</control>
					<control type="radiobutton" id="228">
						<description>Weather Button</description>
						<width>750</width>
						<height>40</height>
						<font>font13</font>
						<textcolor>grey2</textcolor>
						<focusedcolor>white</focusedcolor>
						<label>[UPPERCASE]$LOCALIZE[8][/UPPERCASE]</label>
						<onclick>Skin.ToggleSetting(HomeMenuNoWeatherButton)</onclick>
						<selected>Skin.HasSetting(HomeMenuNoWeatherButton)</selected>
						<texturefocus>MenuItemFO.png</texturefocus>
						<texturenofocus>MenuItemNF.png</texturenofocus>
					</control>
					<control type="radiobutton" id="226">
						<description>Programs Button</description>
						<width>750</width>
						<height>40</height>
						<font>font13</font>
						<textcolor>grey2</textcolor>
						<focusedcolor>white</focusedcolor>
						<label>[UPPERCASE]$LOCALIZE[24001][/UPPERCASE]</label>
						<onclick>Skin.ToggleSetting(HomeMenuNoProgramsButton)</onclick>
						<selected>Skin.HasSetting(HomeMenuNoProgramsButton)</selected>
						<texturefocus>MenuItemFO.png</texturefocus>
						<texturenofocus>MenuItemNF.png</texturenofocus>
					</control>
				</control>
				<control type="scrollbar" id="61">
					<left>1060</left>
					<top>60</top>
					<width>25</width>
					<height>570</height>
					<texturesliderbackground border="0,14,0,14">ScrollBarV.png</texturesliderbackground>
					<texturesliderbar border="0,14,0,14">ScrollBarV_bar.png</texturesliderbar>
					<texturesliderbarfocus border="0,14,0,14">ScrollBarV_bar_focus.png</texturesliderbarfocus>
					<textureslidernib>ScrollBarNib.png</textureslidernib>
					<textureslidernibfocus>ScrollBarNib.png</textureslidernibfocus>
					<onleft>9002</onleft>
					<onright>9000</onright>
					<showonepage>false</showonepage>
					<orientation>vertical</orientation>
					<visible>Container(9000).Hasfocus(2)</visible>
				</control>
				
				
				
				
				

				<control type="grouplist" id="9003">
					<visible>Container(9000).Hasfocus(3)</visible>
					<left>290</left>
					<top>60</top>
					<width>750</width>
					<height>560</height>
					<itemgap>-1</itemgap>
					<pagecontrol>62</pagecontrol>
					<onleft>9000</onleft>
					<onright>60</onright>
					<onup>9003</onup>
					<ondown>9003</ondown>
					
					<!-- VIDEO ADDONS -->
					<control type="label" id="410">
						<width>750</width>
						<height>45</height>
						<font>font13_title</font>
						<label>[UPPERCASE]ADDONS[/UPPERCASE]</label>
						<textcolor>blue</textcolor>
						<shadowcolor>black</shadowcolor>
						<align>left</align>
						<aligny>center</aligny>
					</control>
					
					<control type="button" id="411">
						<width>750</width>
						<height>40</height>
						<font>font13</font>
						<label>[COLOR=grey3][UPPERCASE]ADDONS[/UPPERCASE] - [/COLOR]$LOCALIZE[24000] [B]1[/B]</label>
						<label2>[COLOR=selected]$INFO[system.addontitle(Skin.String(HomeVideosButton1))][/COLOR]</label2>
						<textcolor>grey2</textcolor>
						<focusedcolor>white</focusedcolor>
						<texturefocus>MenuItemFO.png</texturefocus>
						<texturenofocus>MenuItemNF.png</texturenofocus>
						<onclick>Skin.SetAddon(HomeVideosButton1,xbmc.addon.video)</onclick>
					</control>
					<control type="button" id="412">
						<width>750</width>
						<height>40</height>
						<font>font13</font>
						<label>[COLOR=grey3][UPPERCASE]ADDONS[/UPPERCASE] - [/COLOR]$LOCALIZE[24000] [B]2[/B]</label>
						<label2>[COLOR=selected]$INFO[system.addontitle(Skin.String(HomeVideosButton2))][/COLOR]</label2>
						<textcolor>grey2</textcolor>
						<focusedcolor>white</focusedcolor>
						<texturefocus>MenuItemFO.png</texturefocus>
						<texturenofocus>MenuItemNF.png</texturenofocus>
						<onclick>Skin.SetAddon(HomeVideosButton2,xbmc.addon.video)</onclick>
					</control>
					<control type="button" id="413">
						<width>750</width>
						<height>40</height>
						<font>font13</font>
						<label>[COLOR=grey3][UPPERCASE]ADDONS[/UPPERCASE] - [/COLOR]$LOCALIZE[24000] [B]3[/B]</label>
						<label2>[COLOR=selected]$INFO[system.addontitle(Skin.String(HomeVideosButton3))][/COLOR]</label2>
						<textcolor>grey2</textcolor>
						<focusedcolor>white</focusedcolor>
						<texturefocus>MenuItemFO.png</texturefocus>
						<texturenofocus>MenuItemNF.png</texturenofocus>
						<onclick>Skin.SetAddon(HomeVideosButton3,xbmc.addon.video)</onclick>
					</control>
					<control type="button" id="414">
						<width>750</width>
						<height>40</height>
						<font>font13</font>
						<label>[COLOR=grey3][UPPERCASE]ADDONS[/UPPERCASE] - [/COLOR]$LOCALIZE[24000] [B]4[/B]</label>
						<label2>[COLOR=selected]$INFO[system.addontitle(Skin.String(HomeVideosButton4))][/COLOR]</label2>
						<textcolor>grey2</textcolor>
						<focusedcolor>white</focusedcolor>
						<texturefocus>MenuItemFO.png</texturefocus>
						<texturenofocus>MenuItemNF.png</texturenofocus>
						<onclick>Skin.SetAddon(HomeVideosButton4,xbmc.addon.video)</onclick>
					</control>
					<control type="button" id="415">
						<width>750</width>
						<height>40</height>
						<font>font13</font>
						<label>[COLOR=grey3][UPPERCASE]ADDONS[/UPPERCASE] - [/COLOR]$LOCALIZE[24000] [B]5[/B]</label>
						<label2>[COLOR=selected]$INFO[system.addontitle(Skin.String(HomeVideosButton5))][/COLOR]</label2>
						<textcolor>grey2</textcolor>
						<focusedcolor>white</focusedcolor>
						<texturefocus>MenuItemFO.png</texturefocus>
						<texturenofocus>MenuItemNF.png</texturenofocus>
						<onclick>Skin.SetAddon(HomeVideosButton5,xbmc.addon.video)</onclick>
					</control>
				
		
					<control type="label" id="420">
						<width>750</width>
						<height>45</height>
						<font>font13_title</font>
						<label>[UPPERCASE]$LOCALIZE[2][/UPPERCASE]</label>
						<textcolor>blue</textcolor>
						<shadowcolor>black</shadowcolor>
						<align>left</align>
						<aligny>center</aligny>
					</control>
					
					<control type="button" id="421">
						<width>750</width>
						<height>40</height>
						<font>font13</font>
						<label>[COLOR=grey3][UPPERCASE]$LOCALIZE[2][/UPPERCASE] - [/COLOR]$LOCALIZE[24000] [B]1[/B]</label>
						<label2>[COLOR=selected]$INFO[system.addontitle(Skin.String(HomeMusicButton1))][/COLOR]</label2>
						<textcolor>grey2</textcolor>
						<focusedcolor>white</focusedcolor>
						<texturefocus>MenuItemFO.png</texturefocus>
						<texturenofocus>MenuItemNF.png</texturenofocus>
						<onclick>Skin.SetAddon(HomeMusicButton1,xbmc.addon.audio)</onclick>
					</control>
					<control type="button" id="422">
						<width>750</width>
						<height>40</height>
						<font>font13</font>
						<label>[COLOR=grey3][UPPERCASE]$LOCALIZE[2][/UPPERCASE] - [/COLOR]$LOCALIZE[24000] [B]2[/B]</label>
						<label2>[COLOR=selected]$INFO[system.addontitle(Skin.String(HomeMusicButton2))][/COLOR]</label2>
						<textcolor>grey2</textcolor>
						<focusedcolor>white</focusedcolor>
						<texturefocus>MenuItemFO.png</texturefocus>
						<texturenofocus>MenuItemNF.png</texturenofocus>
						<onclick>Skin.SetAddon(HomeMusicButton2,xbmc.addon.audio)</onclick>
					</control>
					<control type="button" id="423">
						<width>750</width>
						<height>40</height>
						<font>font13</font>
						<label>[COLOR=grey3][UPPERCASE]$LOCALIZE[2][/UPPERCASE] - [/COLOR]$LOCALIZE[24000] [B]3[/B]</label>
						<label2>[COLOR=selected]$INFO[system.addontitle(Skin.String(HomeMusicButton3))][/COLOR]</label2>
						<textcolor>grey2</textcolor>
						<focusedcolor>white</focusedcolor>
						<texturefocus>MenuItemFO.png</texturefocus>
						<texturenofocus>MenuItemNF.png</texturenofocus>
						<onclick>Skin.SetAddon(HomeMusicButton3,xbmc.addon.audio)</onclick>
					</control>
					<control type="button" id="424">
						<width>750</width>
						<height>40</height>
						<font>font13</font>
						<label>[COLOR=grey3][UPPERCASE]$LOCALIZE[2][/UPPERCASE] - [/COLOR]$LOCALIZE[24000] [B]4[/B]</label>
						<label2>[COLOR=selected]$INFO[system.addontitle(Skin.String(HomeMusicButton4))][/COLOR]</label2>
						<textcolor>grey2</textcolor>
						<focusedcolor>white</focusedcolor>
						<texturefocus>MenuItemFO.png</texturefocus>
						<texturenofocus>MenuItemNF.png</texturenofocus>
						<onclick>Skin.SetAddon(HomeMusicButton4,xbmc.addon.audio)</onclick>
					</control>
					<control type="button" id="425">
						<width>750</width>
						<height>40</height>
						<font>font13</font>
						<label>[COLOR=grey3][UPPERCASE]$LOCALIZE[2][/UPPERCASE] - [/COLOR]$LOCALIZE[24000] [B]5[/B]</label>
						<label2>[COLOR=selected]$INFO[system.addontitle(Skin.String(HomeMusicButton5))][/COLOR]</label2>
						<textcolor>grey2</textcolor>
						<focusedcolor>white</focusedcolor>
						<texturefocus>MenuItemFO.png</texturefocus>
						<texturenofocus>MenuItemNF.png</texturenofocus>
						<onclick>Skin.SetAddon(HomeMusicButton5,xbmc.addon.audio)</onclick>
					</control>
					

					<!-- TV/RADIO ADDONS (ADDED) -->
					<control type="label" id="460">
						<width>750</width>
						<height>45</height>
						<font>font13_title</font>
						<label>[UPPERCASE]$LOCALIZE[19020] / $LOCALIZE[19021][/UPPERCASE]</label>
						<textcolor>blue</textcolor>
						<shadowcolor>black</shadowcolor>
						<align>left</align>
						<aligny>center</aligny>
					</control>
					
					<control type="button" id="461">
						<width>750</width>
						<height>40</height>
						<font>font13</font>
						<label>[COLOR=grey3][UPPERCASE]$LOCALIZE[19020] / $LOCALIZE[19021][/UPPERCASE] - [/COLOR]$LOCALIZE[24000] [B]1[/B]</label>
						<label2>[COLOR=selected]$INFO[system.addontitle(Skin.String(HomePVRButton1))][/COLOR]</label2>
						<textcolor>grey2</textcolor>
						<focusedcolor>white</focusedcolor>
						<texturefocus>MenuItemFO.png</texturefocus>
						<texturenofocus>MenuItemNF.png</texturenofocus>
						<onclick>Skin.SetAddon(HomePVRButton1,xbmc.addon.video,xbmc.addon.audio,xbmc.addon.executable)</onclick>
					</control>
					<control type="button" id="462">
						<width>750</width>
						<height>40</height>
						<font>font13</font>
						<label>[COLOR=grey3][UPPERCASE]$LOCALIZE[19020] / $LOCALIZE[19021][/UPPERCASE] - [/COLOR]$LOCALIZE[24000] [B]2[/B]</label>
						<label2>[COLOR=selected]$INFO[system.addontitle(Skin.String(HomePVRButton2))][/COLOR]</label2>
						<textcolor>grey2</textcolor>
						<focusedcolor>white</focusedcolor>
						<texturefocus>MenuItemFO.png</texturefocus>
						<texturenofocus>MenuItemNF.png</texturenofocus>
						<onclick>Skin.SetAddon(HomePVRButton2,xbmc.addon.video,xbmc.addon.audio,xbmc.addon.executable)</onclick>
					</control>
					<control type="button" id="463">
						<width>750</width>
						<height>40</height>
						<font>font13</font>
						<label>[COLOR=grey3][UPPERCASE]$LOCALIZE[19020] / $LOCALIZE[19021][/UPPERCASE] - [/COLOR]$LOCALIZE[24000] [B]3[/B]</label>
						<label2>[COLOR=selected]$INFO[system.addontitle(Skin.String(HomePVRButton3))][/COLOR]</label2>
						<textcolor>grey2</textcolor>
						<focusedcolor>white</focusedcolor>
						<texturefocus>MenuItemFO.png</texturefocus>
						<texturenofocus>MenuItemNF.png</texturenofocus>
						<onclick>Skin.SetAddon(HomePVRButton3,xbmc.addon.video,xbmc.addon.audio,xbmc.addon.executable)</onclick>
					</control>
					<control type="button" id="464">
						<width>750</width>
						<height>40</height>
						<font>font13</font>
						<label>[COLOR=grey3][UPPERCASE]$LOCALIZE[19020] / $LOCALIZE[19021][/UPPERCASE] - [/COLOR]$LOCALIZE[24000] [B]4[/B]</label>
						<label2>[COLOR=selected]$INFO[system.addontitle(Skin.String(HomePVRButton4))][/COLOR]</label2>
						<textcolor>grey2</textcolor>
						<focusedcolor>white</focusedcolor>
						<texturefocus>MenuItemFO.png</texturefocus>
						<texturenofocus>MenuItemNF.png</texturenofocus>
						<onclick>Skin.SetAddon(HomePVRButton4,xbmc.addon.video,xbmc.addon.audio,xbmc.addon.executable)</onclick>
					</control>
					<control type="button" id="465">
						<width>750</width>
						<height>40</height>
						<font>font13</font>
						<label>[COLOR=grey3][UPPERCASE]$LOCALIZE[19020] / $LOCALIZE[19021][/UPPERCASE] - [/COLOR]$LOCALIZE[24000] [B]5[/B]</label>
						<label2>[COLOR=selected]$INFO[system.addontitle(Skin.String(HomePVRButton5))][/COLOR]</label2>
						<textcolor>grey2</textcolor>
						<focusedcolor>white</focusedcolor>
						<texturefocus>MenuItemFO.png</texturefocus>
						<texturenofocus>MenuItemNF.png</texturenofocus>
						<onclick>Skin.SetAddon(HomePVRButton5,xbmc.addon.video,xbmc.addon.audio,xbmc.addon.executable)</onclick>
					</control>
					
					<!-- PICTURES ADDONS -->
					<control type="label" id="430">
						<width>750</width>
						<height>45</height>
						<font>font13_title</font>
						<label>[UPPERCASE]$LOCALIZE[1][/UPPERCASE]</label>
						<textcolor>blue</textcolor>
						<shadowcolor>black</shadowcolor>
						<align>left</align>
						<aligny>center</aligny>
					</control>
					
					<control type="button" id="431">
						<width>750</width>
						<height>40</height>
						<font>font13</font>
						<label>[COLOR=grey3][UPPERCASE]$LOCALIZE[1][/UPPERCASE] - [/COLOR]$LOCALIZE[24000] [B]1[/B]</label>
						<label2>[COLOR=selected]$INFO[system.addontitle(Skin.String(HomePictureButton1))][/COLOR]</label2>
						<textcolor>grey2</textcolor>
						<focusedcolor>white</focusedcolor>
						<texturefocus>MenuItemFO.png</texturefocus>
						<texturenofocus>MenuItemNF.png</texturenofocus>
						<onclick>Skin.SetAddon(HomePictureButton1,xbmc.addon.image)</onclick>
					</control>
					<control type="button" id="432">
						<width>750</width>
						<height>40</height>
						<font>font13</font>
						<label>[COLOR=grey3][UPPERCASE]$LOCALIZE[1][/UPPERCASE] - [/COLOR]$LOCALIZE[24000] [B]2[/B]</label>
						<label2>[COLOR=selected]$INFO[system.addontitle(Skin.String(HomePictureButton2))][/COLOR]</label2>
						<textcolor>grey2</textcolor>
						<focusedcolor>white</focusedcolor>
						<texturefocus>MenuItemFO.png</texturefocus>
						<texturenofocus>MenuItemNF.png</texturenofocus>
						<onclick>Skin.SetAddon(HomePictureButton2,xbmc.addon.image)</onclick>
					</control>
					<control type="button" id="433">
						<width>750</width>
						<height>40</height>
						<font>font13</font>
						<label>[COLOR=grey3][UPPERCASE]$LOCALIZE[1][/UPPERCASE] - [/COLOR]$LOCALIZE[24000] [B]3[/B]</label>
						<label2>[COLOR=selected]$INFO[system.addontitle(Skin.String(HomePictureButton3))][/COLOR]</label2>
						<textcolor>grey2</textcolor>
						<focusedcolor>white</focusedcolor>
						<texturefocus>MenuItemFO.png</texturefocus>
						<texturenofocus>MenuItemNF.png</texturenofocus>
						<onclick>Skin.SetAddon(HomePictureButton3,xbmc.addon.image)</onclick>
					</control>
					<control type="button" id="434">
						<width>750</width>
						<height>40</height>
						<font>font13</font>
						<label>[COLOR=grey3][UPPERCASE]$LOCALIZE[1][/UPPERCASE] - [/COLOR]$LOCALIZE[24000] [B]4[/B]</label>
						<label2>[COLOR=selected]$INFO[system.addontitle(Skin.String(HomePictureButton4))][/COLOR]</label2>
						<textcolor>grey2</textcolor>
						<focusedcolor>white</focusedcolor>
						<texturefocus>MenuItemFO.png</texturefocus>
						<texturenofocus>MenuItemNF.png</texturenofocus>
						<onclick>Skin.SetAddon(HomePictureButton4,xbmc.addon.image)</onclick>
					</control>
					<control type="button" id="435">
						<width>750</width>
						<height>40</height>
						<font>font13</font>
						<label>[COLOR=grey3][UPPERCASE]$LOCALIZE[1][/UPPERCASE] - [/COLOR]$LOCALIZE[24000] [B]5[/B]</label>
						<label2>[COLOR=selected]$INFO[system.addontitle(Skin.String(HomePictureButton5))][/COLOR]</label2>
						<textcolor>grey2</textcolor>
						<focusedcolor>white</focusedcolor>
						<texturefocus>MenuItemFO.png</texturefocus>
						<texturenofocus>MenuItemNF.png</texturenofocus>
						<onclick>Skin.SetAddon(HomePictureButton5,xbmc.addon.image)</onclick>
					</control>
			
					
					<!-- PROGRAMS ADDONS -->
					<control type="label" id="440">
						<width>750</width>
						<height>45</height>
						<font>font13_title</font>
						<label>[UPPERCASE]$LOCALIZE[24001][/UPPERCASE]</label>
						<textcolor>blue</textcolor>
						<shadowcolor>black</shadowcolor>
						<align>left</align>
						<aligny>center</aligny>
					</control>
					
					<control type="button" id="441">
						<width>750</width>
						<height>40</height>
						<font>font13</font>
						<label>[COLOR=grey3][UPPERCASE]$LOCALIZE[24001][/UPPERCASE] - [/COLOR]$LOCALIZE[24000] [B]1[/B]</label>
						<label2>[COLOR=selected]$INFO[system.addontitle(Skin.String(HomeProgramButton1))][/COLOR]</label2>
						<textcolor>grey2</textcolor>
						<focusedcolor>white</focusedcolor>
						<texturefocus>MenuItemFO.png</texturefocus>
						<texturenofocus>MenuItemNF.png</texturenofocus>
						<onclick>Skin.SetAddon(HomeProgramButton1,xbmc.addon.executable)</onclick>
					</control>
					<control type="button" id="442">
						<width>750</width>
						<height>40</height>
						<font>font13</font>
						<label>[COLOR=grey3][UPPERCASE]$LOCALIZE[24001][/UPPERCASE] - [/COLOR]$LOCALIZE[24000] [B]2[/B]</label>
						<label2>[COLOR=selected]$INFO[system.addontitle(Skin.String(HomeProgramButton2))][/COLOR]</label2>
						<textcolor>grey2</textcolor>
						<focusedcolor>white</focusedcolor>
						<texturefocus>MenuItemFO.png</texturefocus>
						<texturenofocus>MenuItemNF.png</texturenofocus>
						<onclick>Skin.SetAddon(HomeProgramButton2,xbmc.addon.executable)</onclick>
					</control>
					<control type="button" id="443">
						<width>750</width>
						<height>40</height>
						<font>font13</font>
						<label>[COLOR=grey3][UPPERCASE]$LOCALIZE[24001][/UPPERCASE] - [/COLOR]$LOCALIZE[24000] [B]3[/B]</label>
						<label2>[COLOR=selected]$INFO[system.addontitle(Skin.String(HomeProgramButton3))][/COLOR]</label2>
						<textcolor>grey2</textcolor>
						<focusedcolor>white</focusedcolor>
						<texturefocus>MenuItemFO.png</texturefocus>
						<texturenofocus>MenuItemNF.png</texturenofocus>
						<onclick>Skin.SetAddon(HomeProgramButton3,xbmc.addon.executable)</onclick>
					</control>
					<control type="button" id="444">
						<width>750</width>
						<height>40</height>
						<font>font13</font>
						<label>[COLOR=grey3][UPPERCASE]$LOCALIZE[24001][/UPPERCASE] - [/COLOR]$LOCALIZE[24000] [B]4[/B]</label>
						<label2>[COLOR=selected]$INFO[system.addontitle(Skin.String(HomeProgramButton4))][/COLOR]</label2>
						<textcolor>grey2</textcolor>
						<focusedcolor>white</focusedcolor>
						<texturefocus>MenuItemFO.png</texturefocus>
						<texturenofocus>MenuItemNF.png</texturenofocus>
						<onclick>Skin.SetAddon(HomeProgramButton4,xbmc.addon.executable)</onclick>
					</control>
					<control type="button" id="445">
						<width>750</width>
						<height>40</height>
						<font>font13</font>
						<label>[COLOR=grey3][UPPERCASE]$LOCALIZE[24001][/UPPERCASE] - [/COLOR]$LOCALIZE[24000] [B]5[/B]</label>
						<label2>[COLOR=selected]$INFO[system.addontitle(Skin.String(HomeProgramButton5))][/COLOR]</label2>
						<textcolor>grey2</textcolor>
						<focusedcolor>white</focusedcolor>
						<texturefocus>MenuItemFO.png</texturefocus>
						<texturenofocus>MenuItemNF.png</texturenofocus>
						<onclick>Skin.SetAddon(HomeProgramButton5,xbmc.addon.executable)</onclick>
					</control>
			
				</control>
				<control type="scrollbar" id="62">
					<left>1060</left>
					<top>60</top>
					<width>25</width>
					<height>570</height>
					<texturesliderbackground border="0,14,0,14">ScrollBarV.png</texturesliderbackground>
					<texturesliderbar border="0,14,0,14">ScrollBarV_bar.png</texturesliderbar>
					<texturesliderbarfocus border="0,14,0,14">ScrollBarV_bar_focus.png</texturesliderbarfocus>
					<textureslidernib>ScrollBarNib.png</textureslidernib>
					<textureslidernibfocus>ScrollBarNib.png</textureslidernibfocus>
					<onleft>9001</onleft>
					<onright>9000</onright>
					<showonepage>false</showonepage>
					<orientation>vertical</orientation>
					<visible>Container(9000).Hasfocus(3)</visible>
				</control>
				
				
				
				
				
				<control type="grouplist" id="9004">
					<visible>Container(9000).Hasfocus(4)</visible>
					<left>290</left>
					<top>60</top>
					<width>750</width>
					<height>560</height>
					<itemgap>-1</itemgap>
					<pagecontrol>63</pagecontrol>
					<onleft>9000</onleft>
					<onright>61</onright>
					<onup>9004</onup>
					<ondown>9004</ondown>
					
					<control type="label" id="300">
						<width>750</width>
						<height>45</height>
						<font>font13_title</font>
						<label>31106</label>
						<textcolor>blue</textcolor>
						<shadowcolor>black</shadowcolor>
						<align>left</align>
						<aligny>center</aligny>
					</control>
					
					<control type="radiobutton" id="399">
						<width>750</width>
						<height>40</height>
						<font>font13</font>
						<label>Gebruik een alternatieve achtergrond</label>
						<textcolor>grey2</textcolor>
						<focusedcolor>white</focusedcolor>
						<texturefocus>MenuItemFO.png</texturefocus>
						<texturenofocus>MenuItemNF.png</texturenofocus>
						<onclick>Skin.ToggleSetting(UseOriginalConfluenceBackground)</onclick>
						<selected>Skin.HasSetting(UseOriginalConfluenceBackground)</selected>
					</control>
					<control type="radiobutton" id="301">
						<width>750</width>
						<height>40</height>
						<font>font13</font>
						<label>31119</label>
						<textcolor>grey2</textcolor>
						<focusedcolor>white</focusedcolor>
						<texturefocus>MenuItemFO.png</texturefocus>
						<texturenofocus>MenuItemNF.png</texturenofocus>
						<onclick>Skin.ToggleSetting(HideBackGroundFanart)</onclick>
						<selected>Skin.HasSetting(HideBackGroundFanart)</selected>
					</control>
					<control type="radiobutton" id="302">
						<width>750</width>
						<height>40</height>
						<font>font13</font>
						<label>31129</label>
						<textcolor>grey2</textcolor>
						<focusedcolor>white</focusedcolor>
						<texturefocus>MenuItemFO.png</texturefocus>
						<texturenofocus>MenuItemNF.png</texturenofocus>
						<onclick>Skin.ToggleSetting(HideVisualizationFanart)</onclick>
						<selected>Skin.HasSetting(HideVisualizationFanart)</selected>
					</control>
					<control type="radiobutton" id="303">
						<width>750</width>
						<height>40</height>
						<font>font13</font>
						<label>31124</label>
						<textcolor>grey2</textcolor>
						<focusedcolor>white</focusedcolor>
						<texturefocus>MenuItemFO.png</texturefocus>
						<texturenofocus>MenuItemNF.png</texturenofocus>
						<onclick>Skin.ToggleSetting(ShowBackgroundVideo)</onclick>
						<selected>!Skin.HasSetting(ShowBackgroundVideo)</selected>
					</control>
					<control type="radiobutton" id="304">
						<width>750</width>
						<height>40</height>
						<font>font13</font>
						<label>31125</label>
						<textcolor>grey2</textcolor>
						<focusedcolor>white</focusedcolor>
						<texturefocus>MenuItemFO.png</texturefocus>
						<texturenofocus>MenuItemNF.png</texturenofocus>
						<onclick>Skin.ToggleSetting(ShowBackgroundVis)</onclick>
						<selected>!Skin.HasSetting(ShowBackgroundVis)</selected>
					</control>
					<control type="radiobutton" id="305">
						<width>750</width>
						<height>40</height>
						<font>font13</font>
						<label>30011</label>
						<textcolor>grey2</textcolor>
						<focusedcolor>white</focusedcolor>
						<texturefocus>MenuItemFO.png</texturefocus>
						<texturenofocus>MenuItemNF.png</texturenofocus>
						<onclick>Skin.ToggleSetting(HideArtistSlideshow)</onclick>
						<selected>!Skin.HasSetting(HideArtistSlideshow)</selected>
					</control>
					<control type="label" id="310">
						<width>750</width>
						<height>45</height>
						<font>font13_title</font>
						<label>31102</label>
						<textcolor>blue</textcolor>
						<shadowcolor>black</shadowcolor>
						<align>left</align>
						<aligny>center</aligny>
					</control>
				        <control id="313" type="radiobutton">
						<width>750</width>
						<height>40</height>
						<font>font13</font>
						<label>50027</label>
						<textcolor>grey2</textcolor>
						<focusedcolor>white</focusedcolor>
						<texturefocus>MenuItemFO.png</texturefocus>
						<texturenofocus>MenuItemNF.png</texturenofocus>
						<onclick>Skin.ToggleSetting(HideSeparateBackdrops)</onclick>
						<selected>!Skin.HasSetting(HideSeparateBackdrops)</selected>
						<enable>!Skin.HasSetting(UseCustomBackground)</enable>
					</control>
					<control type="radiobutton" id="311">
						<width>750</width>
						<height>40</height>
						<font>font13</font>
						<label>31109</label>
						<textcolor>grey2</textcolor>
						<focusedcolor>white</focusedcolor>
						<texturefocus>MenuItemFO.png</texturefocus>
						<texturenofocus>MenuItemNF.png</texturenofocus>
						<onclick>Skin.ToggleSetting(UseCustomBackground)</onclick>
						<selected>Skin.HasSetting(UseCustomBackground)</selected>
					</control>
					<control type="button" id="312">
						<width>750</width>
						<height>40</height>
						<font>font13</font>
						<label>- $LOCALIZE[31110]</label>
						<label2>[COLOR=selected]$INFO[Skin.String(CustomBackgroundPath)][/COLOR]</label2>
						<textcolor>grey2</textcolor>
						<focusedcolor>white</focusedcolor>
						<texturefocus>MenuItemFO.png</texturefocus>
						<texturenofocus>MenuItemNF.png</texturenofocus>
						<onclick>Skin.SetImage(CustomBackgroundPath)</onclick>
						<enable>Skin.HasSetting(UseCustomBackground)</enable>
					</control>
				        
				</control>
				<control type="scrollbar" id="63">
					<left>1060</left>
					<top>60</top>
					<width>25</width>
					<height>570</height>
					<texturesliderbackground border="0,14,0,14">ScrollBarV.png</texturesliderbackground>
					<texturesliderbar border="0,14,0,14">ScrollBarV_bar.png</texturesliderbar>
					<texturesliderbarfocus border="0,14,0,14">ScrollBarV_bar_focus.png</texturesliderbarfocus>
					<textureslidernib>ScrollBarNib.png</textureslidernib>
					<textureslidernibfocus>ScrollBarNib.png</textureslidernibfocus>
					<onleft>9004</onleft>
					<onright>9000</onright>
					<showonepage>false</showonepage>
					<orientation>vertical</orientation>
					<visible>Container(9000).Hasfocus(4)</visible>
				</control>
				<control type="group">
					<left>290</left>
					<top>60</top>
					<visible>Container(9000).Hasfocus(5)</visible>
					
					<control type="label">
						<left>0</left>
						<top>0</top>
						<width>680</width>
						<height>45</height>
						<font>font13_title</font>
						<label>31109</label>
						<textcolor>blue</textcolor>
						<shadowcolor>black</shadowcolor>
						<align>left</align>
						<aligny>center</aligny>
					</control>
					<control id="9004" type="button">
						<description>Menu Item Next Button</description>
						<left>670</left>
						<top>53</top>
						<width>33</width>
						<height>22</height>
						<label>-</label>
						<font>-</font>
						<texturenofocus>scroll-down-2.png</texturenofocus>
						<texturefocus>scroll-down-focus-2.png</texturefocus>
						<onclick>Control.Move(9005,1)</onclick>
						<onleft>9000</onleft>
						<onright>9055</onright>
						<onup>300</onup>
						<ondown>300</ondown>
					</control>
					<control id="9055" type="button">
						<description>Menu Item Prev Button</description>
						<left>703</left>
						<top>53</top>
						<width>33</width>
						<height>22</height>
						<label>-</label>
						<font>-</font>
						<texturenofocus>scroll-up-2.png</texturenofocus>
						<texturefocus>scroll-up-focus-2.png</texturefocus>
						<onclick>Control.Move(9005,-1)</onclick>
						<onleft>9004</onleft>
						<onright>9000</onright>
						<onup>300</onup>
						<ondown>300</ondown>
					</control>
					<control id="9005" type="list">
						<hitrect h="0" w="0" x="0" y="0" />
						<left>0</left>
						<top>45</top>
						<width>750</width>
						<height>40</height>
						<onleft>9000</onleft>
						<onright>300</onright>
						<onup>9005</onup>
						<ondown>9005</ondown>
						<pagecontrol>-</pagecontrol>
						<scrolltime>0</scrolltime>
						<itemlayout height="1" width="750">
						</itemlayout>
						<focusedlayout height="40" width="750">
							<control type="image">
								<left>0</left>
								<top>0</top>
								<width>750</width>
								<height>40</height>
								<texture>MenuItemNF.png</texture>
								<visible>![Control.HasFocus(304) | Control.HasFocus(305)]</visible>
							</control>
							<control type="image">
								<left>0</left>
								<top>0</top>
								<width>750</width>
								<height>40</height>
								<texture>MenuItemFO.png</texture>
								<visible>[Control.HasFocus(304) | Control.HasFocus(305)]</visible>
							</control>
							<control type="label">
								<left>10</left>
								<top>0</top>
								<width>600</width>
								<height>40</height>
								<font>font13</font>
								<textcolor>grey2</textcolor>
								<align>left</align>
								<aligny>center</aligny>
								<label>$LOCALIZE[31110]</label>
								<visible>![Control.HasFocus(304) | Control.HasFocus(305)]</visible>
							</control>
							<control type="label">
								<left>10</left>
								<top>0</top>
								<width>600</width>
								<height>40</height>
								<font>font13</font>
								<textcolor>white</textcolor>
								<align>left</align>
								<aligny>center</aligny>
								<label>$LOCALIZE[31110]</label>
								<visible>[Control.HasFocus(304) | Control.HasFocus(305)]</visible>
							</control>
							<control type="label">
								<left>10</left>
								<top>0</top>
								<width>640</width>
								<height>40</height>
								<font>font13</font>
								<textcolor>grey2</textcolor>
								<align>right</align>
								<aligny>center</aligny>
								<label>$INFO[ListItem.Label]</label>
								<visible>![Control.HasFocus(304) | Control.HasFocus(305)]</visible>
							</control>
							<control type="label">
								<left>10</left>
								<top>0</top>
								<width>640</width>
								<height>40</height>
								<font>font13</font>
								<textcolor>white</textcolor>
								<align>right</align>
								<aligny>center</aligny>
								<label>$INFO[ListItem.Label]</label>
								<visible>[Control.HasFocus(304) | Control.HasFocus(305)]</visible>
							</control>
						</focusedlayout>
						<content>
							<item id="1">
								<label>Addons</label>
								<label2>Home_Custom_Back_Video_Folder</label2>
								<onclick>-</onclick>
								<icon>special://skin/backgrounds/movies.jpg</icon>
								<thumb>$INFO[Skin.String(Home_Custom_Back_Video_Folder)]</thumb>
							</item>

							<item id="2">
								<label>2</label>
								<label2>Home_Custom_Back_Music_Folder</label2>
								<onclick>-</onclick>
								<icon>special://skin/backgrounds/music.jpg</icon>
								<thumb>$INFO[Skin.String(Home_Custom_Back_Music_Folder)]</thumb>
							</item>
								
							<item id="3">
								<label>20342</label>
								<label2>Home_Custom_Back_Movies_Folder</label2>
								<onclick>-</onclick>
								<icon>special://skin/backgrounds/videos.jpg</icon>
								<thumb>$INFO[Skin.String(Home_Custom_Back_Movies_Folder)]</thumb>
								<visible>!Skin.HasSetting(HomeMenuNoMoviesButton) + Library.HasContent(Movies)</visible>
							</item>
							<item id="4">
								<label>20343</label>
								<label2>Home_Custom_Back_TVShow_Folder</label2>
								<onclick>-</onclick>
								<icon>special://skin/backgrounds/tvshows.jpg</icon>
								<thumb>$INFO[Skin.String(Home_Custom_Back_TVShow_Folder)]</thumb>
								<visible>!Skin.HasSetting(HomeMenuNoTVShowsButton) + Library.HasContent(TVShows)</visible>
							</item>
							<item id="5">
								<label>31502</label>
								<label2>Home_Custom_Back_TV_Folder</label2>
								<onclick>-</onclick>
								<icon>special://skin/backgrounds/tvlive.jpg</icon>
								<thumb>$INFO[Skin.String(Home_Custom_Back_TV_Folder)]</thumb>
								<visible>PVR.HasTVChannels</visible>
							</item>
							<item id="6">
								<label>31960</label>
								<label2>Home_Custom_Back_RADIO_Folder</label2>
								<onclick>-</onclick>
								<icon>special://skin/backgrounds/radio.jpg</icon>
								<thumb>$INFO[Skin.String(Home_Custom_Back_RADIO_Folder)]</thumb>
								<visible>PVR.HasRadioChannels</visible>
							</item>
			
								
							<item id="7">
								<label>1</label>
								<label2>Home_Custom_Back_Pictures_Folder</label2>
								<onclick>-</onclick>
								<icon>special://skin/backgrounds/pictures.jpg</icon>
								<thumb>$INFO[Skin.String(Home_Custom_Back_Pictures_Folder)]</thumb>
							</item>
							<item id="8">
								<label>0</label>
								<label2>Home_Custom_Back_Programs_Folder</label2>
								<onclick>-</onclick>
								<icon>special://skin/backgrounds/addons.jpg</icon>
								<thumb>$INFO[Skin.String(Home_Custom_Back_Programs_Folder)]</thumb>
							</item>
							<item id="9">
								<label>8</label>
								<label2>Home_Custom_Back_Weather_Folder</label2>
								<onclick>-</onclick>
								<icon>special://skin/backgrounds/weather.jpg</icon>
								<thumb>$INFO[Skin.String(Home_Custom_Back_Weather_Folder)]</thumb>
							</item>
							<item id="10">
								<label>13000</label>
								<label2>Home_Custom_Back_Settings_Folder</label2>
								<onclick>-</onclick>
								<icon>special://skin/backgrounds/system.jpg</icon>
								<thumb>$INFO[Skin.String(Home_Custom_Back_Settings_Folder)]</thumb>
							</item>
									
							<item id="11">
								<label>341</label>
								<label2>Home_Custom_Back_PlayDisc_Folder</label2>
								<onclick>-</onclick>
								<icon>special://skin/backgrounds/dvd.jpg</icon>
								<thumb>$INFO[Skin.String(Home_Custom_Back_PlayDisc_Folder)]</thumb>
							</item>	


							<item id="12">
								<label>Favorieten</label>
								<label2>Home_Custom_Back_Favorites_Folder</label2>
								<onclick>-</onclick>
								<icon>special://skin/backgrounds/favorites.jpg</icon>
								<thumb>$INFO[Skin.String(Home_Custom_Back_Favorites_Folder)]</thumb>
							</item>							
						</content>
					</control>


					<control id="9005" type="list">
						<hitrect h="0" w="0" x="0" y="0" />
						<left>0</left>
						<top>45</top>
						<width>750</width>
						<height>40</height>
						<onleft>9000</onleft>
						<onright>300</onright>
						<onup>9005</onup>
						<ondown>9005</ondown>
						<pagecontrol>-</pagecontrol>
						<scrolltime>0</scrolltime>
						<itemlayout height="1" width="750">
						</itemlayout>
						<focusedlayout height="40" width="750">
							<control type="image">
								<left>0</left>
								<top>0</top>
								<width>750</width>
								<height>40</height>
								<texture>MenuItemNF.png</texture>
								<visible>![Control.HasFocus(304) | Control.HasFocus(305)]</visible>
							</control>
							<control type="image">
								<left>0</left>
								<top>0</top>
								<width>750</width>
								<height>40</height>
								<texture>MenuItemFO.png</texture>
								<visible>[Control.HasFocus(304) | Control.HasFocus(305)]</visible>
							</control>
							<control type="label">
								<left>10</left>
								<top>0</top>
								<width>600</width>
								<height>40</height>
								<font>font13</font>
								<textcolor>grey2</textcolor>
								<align>left</align>
								<aligny>center</aligny>
								<label>$LOCALIZE[31110]</label>
								<visible>![Control.HasFocus(304) | Control.HasFocus(305)]</visible>
							</control>
							<control type="label">
								<left>10</left>
								<top>0</top>
								<width>600</width>
								<height>40</height>
								<font>font13</font>
								<textcolor>white</textcolor>
								<align>left</align>
								<aligny>center</aligny>
								<label>$LOCALIZE[31110]</label>
								<visible>[Control.HasFocus(304) | Control.HasFocus(305)]</visible>
							</control>
							<control type="label">
								<left>10</left>
								<top>0</top>
								<width>640</width>
								<height>40</height>
								<font>font13</font>
								<textcolor>grey2</textcolor>
								<align>right</align>
								<aligny>center</aligny>
								<label>$INFO[ListItem.Label]</label>
								<visible>![Control.HasFocus(304) | Control.HasFocus(305)]</visible>
							</control>
							<control type="label">
								<left>10</left>
								<top>0</top>
								<width>640</width>
								<height>40</height>
								<font>font13</font>
								<textcolor>white</textcolor>
								<align>right</align>
								<aligny>center</aligny>
								<label>$INFO[ListItem.Label]</label>
								<visible>[Control.HasFocus(304) | Control.HasFocus(305)]</visible>
							</control>
						</focusedlayout>
						<content>

							<item id="1">
								<label>Addons</label>
								<label2>Home_Custom_Back_Movies_Folder</label2>
								<onclick>-</onclick>
								<icon>special://skin/backgrounds/movies.jpg</icon>
								<thumb>$INFO[Skin.String(Home_Custom_Back_Movies_Folder)]</thumb>
								<visible>!Skin.HasSetting(HomeMenuNoMoviesButton) + Library.HasContent(Movies)</visible>
							</item>

							<item id="2">
								<label>Muziek</label>
								<label2>Home_Custom_Back_Music_Folder</label2>
								<onclick>-</onclick>
								<icon>special://skin/backgrounds/music.jpg</icon>
								<thumb>$INFO[Skin.String(Home_Custom_Back_Music_Folder)]</thumb>
							</item>
							<item id="3">
								<label>Films</label>
								<label2>Home_Custom_Back_Video_Folder</label2>
								<onclick>-</onclick>
								<icon>special://skin/backgrounds/videos.jpg</icon>
								<thumb>$INFO[Skin.String(Home_Custom_Back_Video_Folder)]</thumb>
							</item>
						
							<item id="4">
								<label>TV Series</label>
								<label2>Home_Custom_Back_TVShow_Folder</label2>
								<onclick>-</onclick>
								<icon>special://skin/backgrounds/tvshows.jpg</icon>
								<thumb>$INFO[Skin.String(Home_Custom_Back_TVShow_Folder)]</thumb>
								<visible>!Skin.HasSetting(HomeMenuNoTVShowsButton) + Library.HasContent(TVShows)</visible>
							</item>
							<item id="5">
								<label>Televisie</label>
								<label2>Home_Custom_Back_TV_Folder</label2>
								<onclick>-</onclick>
								<icon>special://skin/backgrounds/tvlive.jpg</icon>
								<thumb>$INFO[Skin.String(Home_Custom_Back_TV_Folder)]</thumb>
								<visible>PVR.HasTVChannels</visible>
							</item>
							<item id="6">
								<label>Radio</label>
								<label2>Home_Custom_Back_RADIO_Folder</label2>
								<onclick>-</onclick>
								<icon>special://skin/backgrounds/radio.jpg</icon>
								<thumb>$INFO[Skin.String(Home_Custom_Back_RADIO_Folder)]</thumb>
								<visible>PVR.HasRadioChannels</visible>
							</item>
			
						
										
							<item id="7">
								<label>Afbeeldingen</label>
								<label2>Home_Custom_Back_Pictures_Folder</label2>
								<onclick>-</onclick>
								<icon>special://skin/backgrounds/pictures.jpg</icon>
								<thumb>$INFO[Skin.String(Home_Custom_Back_Pictures_Folder)]</thumb>
							</item>
						
							<item id="8">
								<label>Weer</label>
								<label2>Home_Custom_Back_Weather_Folder</label2>
								<onclick>-</onclick>
								<icon>special://skin/backgrounds/weather.jpg</icon>
								<thumb>$INFO[Skin.String(Home_Custom_Back_Weather_Folder)]</thumb>
							</item>
							<item id="9">
								<label>Systeem</label>
								<label2>Home_Custom_Back_Settings_Folder</label2>
								<onclick>-</onclick>
								<icon>special://skin/backgrounds/system.jpg</icon>
								<thumb>$INFO[Skin.String(Home_Custom_Back_Settings_Folder)]</thumb>
							</item>
									
							<item id="10">
								<label>DVD</label>
								<label2>Home_Custom_Back_PlayDisc_Folder</label2>
								<onclick>-</onclick>
								<icon>special://skin/backgrounds/dvd.jpg</icon>
								<thumb>$INFO[Skin.String(Home_Custom_Back_PlayDisc_Folder)]</thumb>
							</item>							
						</content>
					</control>

					<control type="image">
						<left>85</left>
						<top>100</top>
						<width>580</width>
						<height>435</height>
						<texture>black-back.png</texture>
					</control>
					<control type="group">
						<left>95</left>
						<top>110</top>
						<control id="300" type="button">
							<description>Single Image button</description>
							<left>5</left>
							<top>0</top>
							<width>180</width>
							<height>40</height>
							<label>Single</label>
							<font>font12_title</font>
							<textcolor>grey2</textcolor>
							<focusedcolor>white</focusedcolor>
							<align>center</align>
							<texturenofocus border="5">button-nofocus.png</texturenofocus>
							<texturefocus border="5">button-focus.png</texturefocus>
							<onclick>Skin.SetImage($INFO[Container(9005).ListItem.Label2])</onclick>
							<onleft>302</onleft>
							<onright>301</onright>
							<onup>9004</onup>
							<ondown>9004</ondown>
						</control>
						<control id="301" type="button">
							<description>Multi Image button</description>
							<left>190</left>
							<top>0</top>
							<width>180</width>
							<height>40</height>
							<label>Multi</label>
							<font>font12_title</font>
							<textcolor>grey2</textcolor>
							<focusedcolor>white</focusedcolor>
							<align>center</align>
							<texturenofocus border="5">button-nofocus.png</texturenofocus>
							<texturefocus border="5">button-focus.png</texturefocus>
							<onclick>Skin.SetPath($INFO[Container(9005).ListItem.Label2])</onclick>
							<onleft>300</onleft>
							<onright>302</onright>
							<onup>9004</onup>
							<ondown>9004</ondown>
						</control>
						<control id="302" type="button">
							<description>Default Image button</description>
							<left>375</left>
							<top>0</top>
							<width>180</width>
							<height>40</height>
							<label>571</label>
							<font>font12_title</font>
							<textcolor>grey2</textcolor>
							<focusedcolor>white</focusedcolor>
							<align>center</align>
							<texturenofocus border="5">button-nofocus.png</texturenofocus>
							<texturefocus border="5">button-focus.png</texturefocus>
							<onclick>Skin.Reset($INFO[Container(9005).ListItem.Label2])</onclick>
							<onleft>301</onleft>
							<onright>300</onright>
							<onup>9004</onup>
							<ondown>9004</ondown>
						</control>
						<control type="multiimage">
							<left>0</left>
							<top>50</top>
							<width>560</width>
							<height>335</height>
							<imagepath background="true">$INFO[Container(9005).ListItem.Icon]</imagepath>
							<timeperimage>6000</timeperimage>
							<randomize>true</randomize>
							<fadetime>500</fadetime>
						</control>
					</control>
				</control>
			</control>
			




			
                </control>
		<include>CommonNowPlaying</include>
		<include>MainWindowMouseButtons</include>
		<include>BehindDialogFadeOut</include>
	</controls>
</window>
