<?xml version="1.0" encoding="UTF-8"?>
<addon
  id="skin.kaosbox2.jarvis"
  version="1.1.21"
  name="KAOSbox skin -2- Jarvis"
  provider-name="KAOSbox">
  <requires>
    <import addon="xbmc.gui" version="5.10.0"/>
    <import addon="script.artistslideshow" version="1.8.0"/>
  </requires>
  <extension
    point="xbmc.gui.skin"
    debugging="false"
    effectslowdown="0.00">
    <res width="1280" height="720" aspect="16:9" default="true" folder="720p" />
  </extension>
  <extension point="xbmc.addon.metadata">
    <summary>KAOSbox Skin -2-</summary>
    <description>Default skin -2- for KAOSbox</description>
    <platform>all</platform>
  </extension>
</addon>
