﻿<?xml version="1.0" encoding="UTF-8" standalone="yes"?>
<addon id="plugin.video.dss"
    name="[COLOR darkorange][B]D[/B][/COLOR][COLOR white][B]utch[/B][/COLOR] [COLOR darkorange][B]S[/B][/COLOR][COLOR white][B]tream[/B][/COLOR] [COLOR darkorange][B]S[/B][/COLOR][COLOR white][B]upport[/B][/COLOR]  "
    version="11.0.4"
    provider-name="DSS ADDONS">
  <requires>
    <import addon="xbmc.python" version="2.1.0"/>
    <import addon="script.module.libtorrent" optional="true"/>
  </requires>
  <extension point="xbmc.python.pluginsource" library="default.py">
    <provides>video</provides>
  </extension>
  <extension point="xbmc.addon.metadata">
    <summary lang="en">DSS Sport and More</summary>
    <description lang="en">DSS Sport and More</description>
    <platform>all</platform>
    <license>GNU GPL v3</license>
    <website>http://www.dssaddons.com</website>
    <email></email>
    <source></source>
  </extension>
  <extension point="xbmc.service" library="library_service.py" start="login|startup">
  </extension>
</addon>
