<?xml version="1.0" encoding="UTF-8" standalone="yes"?>
<addon id="script.module.xbmc.shared" name="Xbmc - Common Libraries" version="1.0" provider-name="XvBMC">
  <requires>
    <import addon="repository.xvbmc" version="4.2"/>
    <import addon="xbmc.python" version="2.14.0" />
  </requires>
  <extension point="xbmc.python.module" library="lib" />
  <extension point="xbmc.addon.metadata">
    <platform>all</platform>
    <summary lang="en">Xbmc - Common Libraries</summary>
    <description lang="en">Xbmc - Common Libraries</description>
    <disclaimer lang="en">Xbmc - Common Libraries</disclaimer>
    <platform>all</platform>
    <license>GNU GENERAL PUBLIC LICENSE. Version 3, June 2007</license>
    <forum>Xbmc - Common Libraries</forum>
    <website>Xbmc - Common Libraries</website>
    <source>Xbmc - Common Libraries</source>
    <news>Xbmc - Common Libraries</news>
    <assets>
      <icon>icon.png</icon>
      <fanart></fanart>
      <screenshot></screenshot>
    </assets>
  </extension>
</addon>
