<?xml version="1.0" encoding="UTF-8" standalone="yes"?>
<addon id="script.advanced_power_menu" name="Advanced Power Menu" version="1.0.1" provider-name="scott marten">
	<requires>
		<import addon="xbmc.python" version="2.14.0"/>
	</requires>
	<extension point="xbmc.python.script" library="addon.py">
		<provides>executable</provides>
	</extension>
	<extension point="xbmc.addon.metadata">
		<platform>linux</platform>
		<summary lang="en">Advanced Power Menu</summary>
		<summary lang="hu">Kibővített Kikapcsoló Menű </summary>
		<summary lang="de">Erweitertes Start Menü</summary>
		<description lang="en">Suspend, Power Off, Reboot to Android, Reboot to LibreELEC, Restart KODI, For LibreElec S905, S905X, S905W, S912</description>
		<description lang="hu">Alvó mód, Kikapcsolás, LibreELEC újraindítása, Android indítása, KODI újraindítása, Bőr újratöltése, Felhasználó kiléptetése.</description>
		<description lang="de">Ruhemodus, Herunterfahren, Neustart zu Android, Neustart zu LibreELEC, KODI neu starten, Skin neu laden, Screenshot aufnehmen, Benutzer abmelden</description><license>GNU General Public License, v2</license>
		<assets>
			<icon>icon.png</icon>
		</assets>
	</extension>
</addon>
