<?xml version="1.0" encoding="UTF-8"?>
<addon id="skin.kaosbox.krypton" version="1.1.1" name="KAOSbox skin Krypton" provider-name="KAOSbox">
	<requires>
		<import addon="xbmc.gui" version="5.12.0"/>
		<import addon="script.artistslideshow" version="2.0.6"/>
		<import addon="script.favourites" version="7.1.1"/>
	</requires>
	<extension point="xbmc.gui.skin" debugging="false" effectslowdown="0.0">
		<res width="1280" height="720" aspect="16:9" default="true" folder="720p" />
	</extension>
	<extension point="xbmc.addon.metadata">
		<summary lang="en">KAOSbox skin</summary>
  		<description lang="en">Default skin for KAOSbox</description>
		<platform>all</platform>		
	</extension>
</addon>