<?xml version="1.0" encoding="UTF-8" standalone="yes"?>
<addon  id="net.rieter.xot"
        version="4.1.7~alpha27"
        name="Retrospect"
        provider-name="Bas Rieter">

    <requires>
        <import addon="xbmc.metadata" version="1.0"/>
        <import addon="xbmc.python" version="2.23.0"/>
        <import addon="script.module.simplejson" version="3.3.0"/>
        <import addon="inputstream.adaptive" version="2.0.19" optional="true" />
    </requires>
    
    <extension  point="xbmc.python.pluginsource" 
                library="default.py"
                id="net.rieter.xot.plugin">
        <provides>video</provides>
    </extension>

    <extension point="kodi.context.item">
        <menu id="kodi.core.main">
            <item library="resources\menus\menu_queue.py">
                <label>30541</label>
                <visible>ListItem.Property(RetrospectVideo)|ListItem.Property(RetrospectFolder)</visible>
            </item>

            <item library="resources\menus\menu_refresh.py">
                <label>30529</label>
                <visible>ListItem.Property(RetrospectVideo)|ListItem.Property(RetrospectFolder)</visible>
            </item>

            <item library="resources\menus\menu_hide_channel.py">
                <label>30574</label>
                <visible>ListItem.Property(RetrospectChannel)</visible>
            </item>

            <!-- Favorites menu -->
            <menu>
                <label>30575</label>

                <item library="resources\menus\menu_channel_favs.py">
                    <label>30503</label>
                    <visible>ListItem.Property(RetrospectChannel)</visible>
                </item>

                <item library="resources\menus\menu_all_favs.py">
                    <label>30500</label>
                    <visible>ListItem.Property(RetrospectChannel)</visible>
                </item>

                <item library="resources\menus\menu_add_fav.py">
                    <label>30504</label>
                    <visible>ListItem.Property(RetrospectFolder)+!ListItem.Property(RetrospectFavorite)</visible>
                </item>

                <item library="resources\menus\menu_remove_fav.py">
                    <label>30506</label>
                    <visible>ListItem.Property(RetrospectFavorite)</visible>
                </item>
            </menu>

            <!-- Cloaking menu -->
            <menu>
                <label>30573</label>

                <item library="resources\menus\menu_cloak.py">
                    <label>30563</label>
                    <visible>ListItem.Property(RetrospectFolder)+!ListItem.Property(RetrospectCloaked)+!ListItem.Property(RetrospectFavorite)</visible>
                </item>

                <item library="resources\menus\menu_uncloak.py">
                    <label>30564</label>
                    <visible>ListItem.Property(RetrospectCloaked)</visible>
                </item>
            </menu>

            <!-- Retrospect Menu -->
            <menu>
                <label>30572</label>

                <item library="resources\menus\menu_bitrate.py">
                    <label>30020</label>
                    <visible>ListItem.Property(Retrospect)+!ListItem.Property(RetrospectCategory)</visible>
                </item>

                <item library="resources\menus\menu_channelsettings.py">
                    <label>30069</label>
                    <visible>ListItem.Property(Retrospect)+!ListItem.Property(RetrospectCategory)</visible>
                </item>

                <item library="resources\menus\menu_channel_selection.py">
                    <label>30507</label>
                    <visible>ListItem.Property(RetrospectChannel)</visible>
                </item>

                <item library="resources\menus\menu_country_selection.py">
                    <label>30576</label>
                    <visible>ListItem.Property(RetrospectChannel)</visible>
                </item>

                <item library="resources\menus\menu_settings.py">
                    <label>30528</label>
                    <visible>ListItem.Property(Retrospect)</visible>
                </item>
            </menu>
        </menu>
    </extension>

    <extension point="xbmc.addon.metadata">
        <reuselanguageinvoker>false</reuselanguageinvoker>
        <platform>all</platform>
        <minversion>29000</minversion>
        <summary>Retrospect (previously XBMC Online TV) is a plugin that allows the playback of a lot of TV shows that are available (legally) via the broadcasters websites.</summary>
        <description>Retrospect uses the official websites of a lot of different broadcasting companies (mainly Dutch, Belgian, British and Swedish) to make their re-run episodes available on the Kodi platform. More information can be found at www.rieter.net.[CR][CR]Retrospect reports back usage statistics to our servers. This option can be disabled from the add-on settings.</description>
        <disclaimer>Retrospect is provided as is. We do not take any responsibility for possible (but highly unlikely) damage cause to your system. Nor do we take responsibility for the content that can be watched via this add-on.</disclaimer>
        <nofanart>false</nofanart>
        <language>en nl de se no lt lv fi</language>
    </extension>
</addon>