<?xml version="1.0" encoding="UTF-8" standalone="yes"?>
<addon id="repository.xvbmc" name=" [COLOR lime][B]X[/B][/COLOR]vBMC (Add-ons) REPOsitory [COLOR maroon](shutdown)[/COLOR]" version="4.2.2" provider-name="XvBMC Nederland (shutdown)">
    <extension point="xbmc.addon.repository" name=" [COLOR lime][B]X[/B][/COLOR]vBMC (Add-ons) REPOsitory">
        <dir>
            <info compressed="false">https://raw.githubusercontent.com/teamuniversal/scrapers/master/_modules4all/zips/addons.xml</info>
            <checksum>https://raw.githubusercontent.com/teamuniversal/scrapers/master/_modules4all/zips/addons.xml.md5</checksum>
            <datadir zip="true">https://raw.githubusercontent.com/teamuniversal/scrapers/master/_modules4all/zips/</datadir>
            <hashes>false</hashes>
        </dir>
    <!--<dir>
            <info compressed="false">https://raw.githubusercontent.com/noobsandnerds/modules4all/master/zips/addons.xml</info>
            <checksum>https://raw.githubusercontent.com/noobsandnerds/modules4all/master/zips/addons.xml.md5</checksum>
            <datadir zip="true">https://raw.githubusercontent.com/noobsandnerds/modules4all/master/zips/</datadir>
        </dir>-->
        <dir>
            <info compressed="false">https://raw.githubusercontent.com/jsergio123/zips/master/addons.xml</info>
            <checksum>https://raw.githubusercontent.com/jsergio123/zips/master/addons.xml.md5</checksum>
            <datadir zip="true">https://raw.githubusercontent.com/jsergio123/zips/master/</datadir>
        </dir>
        <dir>
            <info compressed="false">https://github.com/tvaddonsco/tva-resolvers-repo/raw/master/addons.xml</info>
            <checksum>https://github.com/tvaddonsco/tva-resolvers-repo/raw/master/addons.xml.md5</checksum>
            <datadir zip="true">https://github.com/tvaddonsco/tva-resolvers-repo/raw/master/zips/</datadir>
        </dir>
        <dir>
            <info compressed="false">https://raw.githubusercontent.com/XvBMC/repository.xvbmc/master/Dependencies/xvbmc-addons.xml</info>
            <checksum>https://raw.githubusercontent.com/XvBMC/repository.xvbmc/master/Dependencies/xvbmc-addons.xml.md5</checksum>
            <datadir zip="true">https://raw.githubusercontent.com/XvBMC/repository.xvbmc/master/Dependencies/zips/</datadir>
            <hashes>false</hashes>
        </dir>
        <dir>
            <info compressed="false">https://raw.githubusercontent.com/XvBMC/repository.xvbmc/master/Look-and-Feel/xvbmc-addons.xml</info>
            <checksum>https://raw.githubusercontent.com/XvBMC/repository.xvbmc/master/Look-and-Feel/xvbmc-addons.xml.md5</checksum>
            <datadir zip="true">https://raw.githubusercontent.com/XvBMC/repository.xvbmc/master/Look-and-Feel/zips/</datadir>
            <hashes>false</hashes>
        </dir>
        <dir>
            <info compressed="false">https://raw.githubusercontent.com/XvBMC/repository.xvbmc/master/REPOsitory/xvbmc-addons.xml</info>
            <checksum>https://raw.githubusercontent.com/XvBMC/repository.xvbmc/master/REPOsitory/xvbmc-addons.xml.md5</checksum>
            <datadir zip="true">https://raw.githubusercontent.com/XvBMC/repository.xvbmc/master/REPOsitory/zips/</datadir>
            <hashes>false</hashes>
        </dir>
            <info compressed="false">https://raw.githubusercontent.com/XvBMC/repository.xvbmc/master/xvbmc-addons.xml</info>
            <checksum>https://raw.githubusercontent.com/XvBMC/repository.xvbmc/master/xvbmc-addons.xml.md5</checksum>
            <datadir zip="true">https://raw.githubusercontent.com/XvBMC/repository.xvbmc/master/zips/</datadir>
            <hashes>false</hashes>
    </extension>
    <extension point="xbmc.addon.metadata">
        <summary lang="en">XvBMC The Netherlands (Add-ons) REPOsitory #DUTCH #NL (gesloten door Brein)</summary>
        <summary lang="nl">XvBMC Nederland (Add-ons) REPOsitory #NL #DUTCH (afgesloten door BREIN)</summary>
        <description lang="en">XvBMC The Netherlands (Add-ons) Repository | XvBMC-NL (Add-on) Depot  |  UsagePolicy; https://bit.ly/Disclaimer_XvBMC-NL !!! USE AT YOUR OWN RISK !!! ***CLOSED***</description>
        <description lang="nl">
Op last van Stichting BREIN wordt 'XvBMC Repository' niet langer aangeboden, omdat middels deze repository op grote schaal films, tv-series en muziek zonder toestemming ter beschikking werden gesteld. Het aldus ter beschikking stellen aan het publiek van auteursrechterlijk beschermde werken maakt inbreuk op de auteursrechten en naburige rechten van de rechthebbenden op die werken. Ook het streamen uit ongeautoriseerde bron is verboden in Nederland. 'XvBMC Repository' is met Stichting BREIN tot een schikking gekomen. Voor aanbieders van legale content verwijst 'XvBMC Repository' u naar thecontenmap.nl en film.nl
-----------------------------------------------------------------------------
NUANCE: Volgens ons, XvBMC Nederland, is deze nuance weldegelijk op zijn plaats; Wij (XvBMC-NL) hebben ZELF nooit films, tv-series en muziek zonder toestemming ter beschikking gesteld!
-----------------------------------------------------------------------------</description>
        <disclaimer lang="en">The owners and submitters to this repository do not host or distribute any of the content displayed by these add-ons nor do they have any affiliation with its content. Please Read: https://bit.ly/Disclaimer_XvBMC-NL ...just because you can  ;)  !!! USE-AT-YOUR-OWN-RISK !!!</disclaimer>
        <disclaimer lang="nl">The owners and submitters to this repository do not host or distribute any of the content displayed by these add-ons nor do they have any affiliation with its content. Please Read: https://bit.ly/Disclaimer_XvBMC-NL ...just because you can  ;)  !!! USE-AT-YOUR-OWN-RISK !!! ***SHUTDOWN INFO: https://github.com/EPiC-APOC/repository.xvbmc/blob/master/README.md</disclaimer>
        <platform>all</platform>
        <license>GNU GENERAL PUBLIC LICENSE. Version 3, June 2007</license>
        <forum>http://bit.ly/XvBMC-NL</forum>
        <website>https://github.com/EPiC-APOC/repository.xvbmc/blob/master/README.md</website>
        <source>https://bit.ly/Disclaimer_XvBMC-NL</source>
        <size>831488</size>
        <news>
Op last van Stichting BREIN wordt 'XvBMC Repository' niet langer aangeboden, omdat middels deze repository op grote schaal films, tv-series en muziek zonder toestemming ter beschikking werden gesteld. Het aldus ter beschikking stellen aan het publiek van auteursrechterlijk beschermde werken maakt inbreuk op de auteursrechten en naburige rechten van de rechthebbenden op die werken. Ook het streamen uit ongeautoriseerde bron is verboden in Nederland. 'XvBMC Repository' is met Stichting BREIN tot een schikking gekomen. Voor aanbieders van legale content verwijst 'XvBMC Repository' u naar thecontenmap.nl en film.nl
-----------------------------------------------------------------------------
NUANCE: Volgens ons, XvBMC Nederland, is deze nuance weldegelijk op zijn plaats; Wij (XvBMC-NL) hebben ZELF nooit films, tv-series en muziek zonder toestemming ter beschikking gesteld!
-----------------------------------------------------------------------------</news>
        <assets>
            <icon>icon.png</icon>
            <fanart>fanart.jpg</fanart>
            <screenshot>xbmc.png</screenshot>
        </assets>
    </extension>
</addon>